care_bias_avg,care_intensity_avg,fairness_bias_avg,fairness_intensity_avg,loyalty_bias_avg,loyalty_intensity_avg,authority_bias_avg,authority_intensity_avg,purity_bias_avg,purity_intensity_avg
0.006708718507617544,0.1239588706895206,0.03050616874512867,0.11273016901516619,-0.02659656090655924,0.08877532609392272,0.032937127032569666,0.09726480600385687,0.008345646028964546,0.06428826804525258
