care_bias_avg,care_intensity_avg,fairness_bias_avg,fairness_intensity_avg,loyalty_bias_avg,loyalty_intensity_avg,authority_bias_avg,authority_intensity_avg,purity_bias_avg,purity_intensity_avg
0.021533601250364097,0.0478926902554793,0.026196269442114974,0.0681411246859883,-0.04321845578063938,0.08034395105408212,-0.011535996878855337,0.03271415977222436,0.03268438435520093,0.07887153655160202
